docs/research/xposed-journey-ledger.json	1	100644	6c096b1d1c4ee0ebb4d01bb3df1b448df1ac9adf
docs/research/xposed-journey-ledger.json	2	100644	5b4d2346e451ca0b73449aadd2ce7d2c67d8dc8b
docs/research/xposed-journey-ledger.json	3	100644	2d61a054ee26fd97fcc3d40e2fd5c8a1001dc1c0
game/app.mjs	1	100644	ac2d7e1ba3672f813b4cb7f47c05b150cce07859
game/app.mjs	2	100644	046ba7c0e4a3781faf809f1bb846956c62ac2ff7
game/app.mjs	3	100644	d716cc1ca2f059c3d358a5929fdfee8d1257bb15
game/build-config.json	1	100644	0e35774f86873e7fce4068f60d3f2ce73bb5d479
game/build-config.json	2	100644	f911701b9be5a190e9678df71da718171402431b
game/build-config.json	3	100644	00725bc1f73b8bc09078352809e94a5d27f172a1
game/content-design/default-entry.mjs	1	100644	63cf61cc4895ad7443d88198fdfe7ab1f986cb0b
game/content-design/default-entry.mjs	2	100644	2c42978c8fab2459b401ff5700c934ceeb0c76cf
game/content-design/default-entry.mjs	3	100644	a40f67e4168f5e21503e73e4baaa6a59b034fda6
game/content-design/mode-href.mjs	1	100644	f73b8f4bb33f90ce21b40912c0289ab536549a06
game/content-design/mode-href.mjs	2	100644	1b52b187495b1c59c53e2e2828c17a4fe771b173
game/content-design/mode-href.mjs	3	100644	f66386df50d7f6289ef4b15e5f89af18b2e159df
game/content-design/pressure-candidates.mjs	1	100644	18df4f80a0d7266d3e3b3687c35b823865bcd9a1
game/content-design/pressure-candidates.mjs	2	100644	45da493be98c4859792aa6320330744a0074897c
game/content-design/pressure-candidates.mjs	3	100644	3a4a0c7434f7906fa06da418730003866398a546
game/content-design/route-definition.mjs	1	100644	71ab25cdea1bdd492360e8e46feca710931c1cc3
game/content-design/route-definition.mjs	2	100644	b32184b2be08e01712e4012f75587564b1237600
game/content-design/route-definition.mjs	3	100644	f0dd1327503085944b162375939c31f31e02212c
game/content-design/route-loader.mjs	1	100644	11532afe3ffb132136f9b18916f469faed345359
game/content-design/route-loader.mjs	2	100644	05d84ba971974403adff20acd75b013822539658
game/content-design/route-loader.mjs	3	100644	195847445db7881a7ee4cb9f68220a08a506a6bb
game/content-design/route.mjs	1	100644	3407c936c2d907c291a9db9ac9c22b01b6c66535
game/content-design/route.mjs	2	100644	c8539f20e32216b84e65ad4d31e923564a3776ca
game/content-design/route.mjs	3	100644	1142d9fe18f3db4a2ceb6f8af28a2693c5c71c10
game/couch/couch.mjs	1	100644	0a777d3254bef1af7cbe43c2dff64ca18a1f2cf3
game/couch/couch.mjs	2	100644	2e79133e35e1c10b2723d7083c6f0e33863de994
game/couch/couch.mjs	3	100644	84e0d9c63ec14c1f1b71b881c8aa833145539910
game/couch/index.html	1	100644	585d8f0760e48ff58e832c35c7fcb4a8091573b7
game/couch/index.html	2	100644	880f7056a1d62d99b8532ed4da0eb35af4fc192c
game/couch/index.html	3	100644	7ec505473a218740af2288af8dcf570e3a2f18ea
game/couch/mode-entry.js	1	100644	b0f2077e98e2ab409dbfe9b74f4f53240154680c
game/couch/mode-entry.js	2	100644	4008dfb134aa58aa4823b25220f480752dc33b19
game/couch/mode-entry.js	3	100644	049dfe874949e639c8c44d443cfe2e476842bc36
game/mission-brief.mjs	1	100644	7660a8d52dce470d1d719e941819a04dfed546fc
game/mission-brief.mjs	2	100644	c51005a163a9e7bfdfbb3a7ecfa3af583b5a5e20
game/mission-brief.mjs	3	100644	28f653281167dfe11110fb2b91f19ba8e7514f2f
game/mission-library/continuous-next.mjs	1	100644	8a71f7e0275d46049b83029333632984967d866f
game/mission-library/continuous-next.mjs	2	100644	d29a0e93da2e39c4f73cd43b443b5af3668444cf
game/mission-library/continuous-next.mjs	3	100644	12205eef7b8fec5f04e49133a796e187c4aa90e9
game/mission-library/library.mjs	1	100644	ebbb813120c54774eea9efdf1c6d0c6432f519d2
game/mission-library/library.mjs	2	100644	2084353eff4715d535f743757a3f3a0c17d7b809
game/mission-library/library.mjs	3	100644	cc82d5347ba83429d904fbc1ed0f52e98c3497d1
game/mission-library/remote-solo-versus.mjs	1	100644	bb98e7802c3fadf7709d26b0d78de1f22b9e925b
game/mission-library/remote-solo-versus.mjs	2	100644	044f2b968ca902afce095e80e415e32f30d2384c
game/mission-library/remote-solo-versus.mjs	3	100644	2f8ca61a6c0957c0b8322f58b557ff6528f57c43
game/studio/index.html	1	100644	8ed878fc3160d4ed76cd420cfa413a1eae3c5211
game/studio/index.html	2	100644	fb0f4df305d81e4f942afcc761e84e3155b82568
game/studio/index.html	3	100644	7dbc926cb8acdf23a74dd59d6a23702da9343682
game/studio/studio.mjs	1	100644	fa59ca2de0a3dcdb01344b6aad5113d11b9de86a
game/studio/studio.mjs	2	100644	6150fa52b3c496be9dbe188ffa084487012f67f4
game/studio/studio.mjs	3	100644	225fcc880472b5f7256e344cb8bc8b1b20942440
game/test/content-route-loader.test.mjs	1	100644	16bac9dbc7dac904a15af9fdd60633a16ef69dfa
game/test/content-route-loader.test.mjs	2	100644	22215a3a76cf844a2c8e29c18c2d04df645a6a51
game/test/content-route-loader.test.mjs	3	100644	0a5ecf83ca7e5b843f41b8eb81edaa506d743d88
game/test/continuous-next.test.mjs	1	100644	cf23c0532aa41cd4b3f2db5d42f35f8a9f8ef888
game/test/continuous-next.test.mjs	2	100644	04187f7e147251acc23fa45d49d45751d337ebec
game/test/continuous-next.test.mjs	3	100644	89f5f84af076970bf0076da265c5c64a579f972e
game/test/default-solo-entry-host.test.mjs	1	100644	ecdae7a51679ebb1be8cb1041d0ba028ecb4f62b
game/test/default-solo-entry-host.test.mjs	2	100644	46dd3d942eaca3f3c15e3e049619b2917e91894d
game/test/default-solo-entry-host.test.mjs	3	100644	cd3065758d700d457577219e85d68e6238934a7e
game/test/effective-pressure-inspection.test.mjs	2	100644	be87122025322213307fdabede69f50bc49d002f
game/test/effective-pressure-inspection.test.mjs	3	100644	26ab527cc8ea38439c878e1f6d5dddccc02ac3e0
game/test/mission-library-remote-solo-versus.test.mjs	1	100644	0124031f92273961a6b0ec5220c7900cb60f1421
game/test/mission-library-remote-solo-versus.test.mjs	2	100644	615a85645432b6403185b7daa1c3e4420324d5d1
game/test/mission-library-remote-solo-versus.test.mjs	3	100644	256195775f97c5da0631f9253a83b58f2b4a51e2
game/test/versus-default-entry.test.mjs	1	100644	1dd167446780e6f30aac85ab238500ea41ce641b
game/test/versus-default-entry.test.mjs	2	100644	b9043e81626c4bf460e64b869b99a74333cd5739
game/test/versus-default-entry.test.mjs	3	100644	d9b41ee06e051c57f1307ea9c63ac24a10fc24e3
package-lock.json	1	100644	7737d1a6293e85f4ba8abd0b7cb633faac0bb872
package-lock.json	2	100644	7b847fcdf87bb907a20db7cdfd31a2aef7a445c9
package-lock.json	3	100644	7042e0194db541c52f76e1b197dc801a07bad87d
package.json	1	100644	bd7900f0bd06d66a758ee4a927e2f1047e7ac602
package.json	2	100644	9995dfabad35d5969d57af04950a6b08c795bb94
package.json	3	100644	aceee5807aba0ebbc30cf9f988445ae86ecfb401
